{
    "config": [
        4,
        16
    ],
    "net": [
        {
            "w": [
                [
                    0.7412576677601463,
                    0.362003496227943,
                    0.5269639568849935,
                    0.17129415310711252
                ],
                [
                    0.02951355262269808,
                    0.6527047239911603,
                    0.4475936232473346,
                    0.8435443807423947
                ],
                [
                    0.7948857292389013,
                    0.5516290089318293,
                    0.23427470894169902,
                    0.04100908989240704
                ],
                [
                    0.7285444825968798,
                    0.322740488243353,
                    0.5699806014330466,
                    0.18474639833193643
                ],
                [
                    0.1093786753015097,
                    0.8154632858866993,
                    0.08686115673217505,
                    0.8920723493473574
                ],
                [
                    0.7144683098525714,
                    0.30704462307936425,
                    0.591953584807307,
                    0.19805653057184286
                ],
                [
                    0.7588977410606438,
                    0.38208328768070826,
                    0.4820951364408074,
                    0.1503498693506411
                ],
                [
                    0.8068719280966553,
                    0.532512488554278,
                    0.24141798218104488,
                    0.040173406695281196
                ],
                [
                    0.7920941923760815,
                    0.5267519532592241,
                    0.2734009341188328,
                    0.057746806702801426
                ],
                [
                    0.7564049534709725,
                    0.3435655040254785,
                    0.5269061161521476,
                    0.1604629964794043
                ],
                [
                    0.7134121856408808,
                    0.33671704471797365,
                    0.5703488762184549,
                    0.21483508769701937
                ],
                [
                    0.6948527070037681,
                    0.33259954774026623,
                    0.5924876133768743,
                    0.2271662470045684
                ],
                [
                    0.727520212856857,
                    0.35892394153870094,
                    0.5486815248589972,
                    0.18012206318236784
                ],
                [
                    0.7784214925315612,
                    0.48109415657821347,
                    0.33664018987318206,
                    0.08708377637238862
                ],
                [
                    0.7587429144828363,
                    0.43060909473349224,
                    0.4177233055268493,
                    0.12238744794620196
                ],
                [
                    0.005533075638984503,
                    0.8679604319454711,
                    0.6879429896296388,
                    0.9824803236385639
                ]
            ]
        }
    ]
}