{
    "config": [
        4,
        16
    ],
    "net": [
        {
            "w": [
                [
                    0.7036903752588769,
                    0.30501339261820165,
                    0.6093308913264271,
                    0.22624696441020808
                ],
                [
                    0.7970803805872942,
                    0.5484533859475667,
                    0.23280779147013178,
                    0.059122680465172
                ],
                [
                    0.7338302272244701,
                    0.32339633454606764,
                    0.5528902846879792,
                    0.19828285327380085
                ],
                [
                    0.6925254623127187,
                    0.3149307738342462,
                    0.6010338104195824,
                    0.23339951122588604
                ],
                [
                    0.7540908491301337,
                    0.46553907573045744,
                    0.3287253136218804,
                    0.0827324486162948
                ],
                [
                    0.7922242600434674,
                    0.5470810442829502,
                    0.24805730350215766,
                    0.07306251891478248
                ],
                [
                    0.7980815490068195,
                    0.5388428089553765,
                    0.2357395972053748,
                    0.04292861743229893
                ],
                [
                    0.746025504076885,
                    0.2980154880517375,
                    0.5735400220196335,
                    0.19780116745390885
                ],
                [
                    0.7647043881366404,
                    0.38653548658910264,
                    0.4814827460369479,
                    0.14792221480360132
                ],
                [
                    0.690670053108138,
                    0.36009987723971804,
                    0.5800300820578815,
                    0.1908074699010973
                ],
                [
                    0.7324479009556601,
                    0.37287592567005906,
                    0.557901688929489,
                    0.176315881795893
                ],
                [
                    0.789032970432469,
                    0.5473262813149093,
                    0.237105111094156,
                    0.05032799693118411
                ],
                [
                    0.7150082440276296,
                    0.39793970696331715,
                    0.476087723218603,
                    0.18009572986376987
                ],
                [
                    0.7038830058051271,
                    0.3497681408065881,
                    0.5860437705723043,
                    0.20751230349411728
                ],
                [
                    0.5987530707251156,
                    0.5245444661672718,
                    0.4606533727443197,
                    0.27234033357483955
                ],
                [
                    0.7306158079460686,
                    0.33332725305824684,
                    0.5570968864471617,
                    0.19189822890580785
                ]
            ]
        }
    ]
}